in.	A	L	M	I	V	F	W	Y	S	H	T	C	N	Q	G	P	K	R	E	D	X
A	1	1	1	1	1	1	1	1	1	1	1	1	0.118663484945726	0.118663484945726	0.251700793486046	0.251700793486046	0	0	0	0	0.463463040574214
L	1	1	1	1	1	1	1	1	1	1	1	1
M	1	1	1	1	1	1	1	1	1	1	1	1
I	1	1	1	1	1	1	1	1	1	1	1	1
V	1	1	1	1	1	1	1	1	1	1	1	1
F	1	1	1	1	1	1	1	1	1	1	1	1
W	1	1	1	1	1	1	1	1	1	1	1	1
Y	1	1	1	1	1	1	1	1	1	1	1	1
S	1	1	1	1	1	1	1	1	1	1	1	1
H	1	1	1	1	1	1	1	1	1	1	1	1
T	1	1	1	1	1	1	1	1	1	1	1	1
C	1	1	1	1	1	1	1	1	1	1	1	1
N	1	1	1	1	1	1	1	1	1	1	1	1
Q	1	1	1	1	1	1	1	1	1	1	1	1
G	1	1	1	1	1	1	1	1	1	1	1	1
P	0.251700793486046	0.808588915796079	0.808588915796079	0.808588915796079	0.808588915796079	0.53345061487184	0.53345061487184	0.53345061487184	0.38865800061793	0.38865800061793	0.38865800061793	0.38865800061793	0.00711539780371273	0.00711539780371273	0.6	1	0.0143479643809339	0.0143479643809339	0.0143479643809339	0.0143479643809339	0.470024736760887
K	0	0	0	0	0	0.218002822530765	0.218002822530765	0.218002822530765	0.306896769419652	0.306896769419652	0.306896769419652	0.306896769419652	0.00887637612526054	0.00887637612526054	0.0143479643809339	0.0143479643809339	1	1	1	1	0.452223869738319
R	0	0	0	0	0	0.218002822530765	0.218002822530765	0.218002822530765	0.306896769419652	0.306896769419652	0.306896769419652	0.306896769419652	0.00887637612526054	0.00887637612526054	0.0143479643809339	0.0143479643809339	1	1	1	1	0.452223869738319
E	0	0	0	0	0	0.218002822530765	0.218002822530765	0.218002822530765	0.306896769419652	0.306896769419652	0.306896769419652	0.306896769419652	0.00887637612526054	0.00887637612526054	0.0143479643809339	0.0143479643809339	1	1	1	1	0.452223869738319
D	0	0	0	0	0	0.218002822530765	0.218002822530765	0.218002822530765	0.306896769419652	0.306896769419652	0.306896769419652	0.306896769419652	0.00887637612526054	0.00887637612526054	0.0143479643809339	0.0143479643809339	1	1	1	1	0.452223869738319
X	0.463463040574214	0.50678116260528	0.50678116260528	0.50678116260528	0.50678116260528	0.481381147352112	0.481381147352112	0.481381147352112	0.557428446306148	0.524416848393514	0.557428446306148	0.557428446306148	0.474162832839125	0.474162832839125	0.470024736760887	0.470024736760887	0.452223869738319	0.452223869738319	0.452223869738319	0.452223869738319	1
